epoch,time,train/box_loss,train/cls_loss,train/dfl_loss,metrics/precision(B),metrics/recall(B),metrics/mAP50(B),metrics/mAP50-95(B),val/box_loss,val/cls_loss,val/dfl_loss,lr/pg0,lr/pg1,lr/pg2
1,11.5292,0.71214,1.88725,1.24812,0.84179,0.75,0.8534,0.77071,0.4719,2.57183,0.948,0.000649123,0.000649123,0.000649123
2,14.5432,0.48006,1.05854,1.07247,0.4889,0.5625,0.53344,0.41643,1.75051,2.5583,2.84916,0.00130276,0.00130276,0.00130276
3,17.4368,0.48546,1.02126,1.05804,0.72699,0.66669,0.80237,0.70598,0.59741,2.45414,1.1492,0.0019432,0.0019432,0.0019432
4,20.4351,0.46381,0.917,1.05223,0.77539,1,0.94185,0.77339,1.07815,2.76506,1.68399,0.0019406,0.0019406,0.0019406
5,23.3909,0.44414,0.81372,1.02925,0.77494,0.86145,0.88018,0.68578,0.91556,2.0521,1.71875,0.0019208,0.0019208,0.0019208
6,26.3862,0.39547,0.72133,0.97844,0.81121,0.80603,0.88219,0.7379,1.02118,1.78652,1.63101,0.001901,0.001901,0.001901
7,29.3219,0.40775,0.71112,1.00312,0.62693,0.6875,0.66745,0.57379,0.58642,1.85487,0.96302,0.0018812,0.0018812,0.0018812
8,32.2311,0.35202,0.65112,0.98212,0.85865,0.9375,0.94653,0.81665,0.60621,1.25536,1.08442,0.0018614,0.0018614,0.0018614
9,35.2013,0.38278,0.63961,0.98601,0.92808,0.8069,0.92983,0.83857,0.83287,1.30497,1.40687,0.0018416,0.0018416,0.0018416
10,38.1729,0.38353,0.61112,0.98712,0.86529,0.875,0.93252,0.88224,0.63428,1.0858,1.13099,0.0018218,0.0018218,0.0018218
11,41.1225,0.38711,0.57157,1.00495,0.71252,1,0.88149,0.85469,0.515,1.07422,0.96061,0.001802,0.001802,0.001802
12,44.1189,0.36917,0.57525,0.99437,0.88824,0.99377,0.95389,0.94168,0.38052,0.87919,0.72897,0.0017822,0.0017822,0.0017822
13,47.1132,0.314,0.55037,0.98368,0.87626,0.9375,0.92465,0.91532,0.3066,0.84504,0.66135,0.0017624,0.0017624,0.0017624
14,50.1136,0.30956,0.53365,0.96512,0.80098,0.875,0.9076,0.84015,0.4081,1.42542,0.82337,0.0017426,0.0017426,0.0017426
15,53.0599,0.29,0.44981,0.92525,0.92718,1,0.99147,0.89938,0.62251,0.71505,1.22186,0.0017228,0.0017228,0.0017228
16,56.014,0.30987,0.49636,0.96273,0.85229,0.875,0.93222,0.8519,0.90002,1.03426,1.44345,0.001703,0.001703,0.001703
17,58.9391,0.31797,0.46677,0.95941,0.98231,0.9375,0.983,0.95063,0.43165,0.65817,0.82901,0.0016832,0.0016832,0.0016832
18,62.1861,0.2927,0.46556,0.9462,0.95722,0.8125,0.96671,0.92498,0.60047,0.89495,1.19047,0.0016634,0.0016634,0.0016634
19,65.4636,0.30215,0.45329,0.9494,0.97227,0.6875,0.86602,0.77305,0.78621,1.51244,1.29391,0.0016436,0.0016436,0.0016436
20,68.7295,0.28944,0.42062,0.9535,0.82918,1,0.96739,0.84987,0.95906,0.90607,1.45239,0.0016238,0.0016238,0.0016238
21,71.9822,0.28987,0.43264,0.94741,0.97143,0.6875,0.74272,0.71919,1.08071,2.31353,1.60616,0.001604,0.001604,0.001604
22,75.3138,0.28173,0.41678,0.93303,0.94022,0.98378,0.98794,0.93299,0.5519,0.71795,1.01427,0.0015842,0.0015842,0.0015842
23,78.6855,0.26443,0.384,0.94535,0.87553,0.9375,0.94946,0.9314,0.38492,0.63891,0.7379,0.0015644,0.0015644,0.0015644
24,81.7531,0.26481,0.3938,0.94441,0.99471,1,0.995,0.95398,0.52862,0.49169,1.21604,0.0015446,0.0015446,0.0015446
25,84.7788,0.2504,0.40649,0.93063,0.86418,0.9375,0.92489,0.8826,0.60913,0.79006,1.06972,0.0015248,0.0015248,0.0015248
26,87.7549,0.24181,0.38097,0.91748,1,0.93292,0.97864,0.93677,0.36971,0.63299,0.76019,0.001505,0.001505,0.001505
27,90.8204,0.24652,0.38862,0.93943,0.83791,1,0.95856,0.95856,0.28522,0.51064,0.63891,0.0014852,0.0014852,0.0014852
28,93.8896,0.24362,0.33957,0.93194,0.88651,1,0.95799,0.93421,0.35858,0.49668,0.79271,0.0014654,0.0014654,0.0014654
29,96.9126,0.26502,0.37395,0.92806,0.92918,1,0.98794,0.95526,0.52602,0.46721,1.21793,0.0014456,0.0014456,0.0014456
30,100.007,0.24545,0.34308,0.93607,1,0.99567,0.995,0.98131,0.29804,0.50488,0.67182,0.0014258,0.0014258,0.0014258
31,103.118,0.24021,0.33141,0.90744,0.99624,0.875,0.92409,0.89049,0.56392,0.597,1.16409,0.001406,0.001406,0.001406
32,106.21,0.24577,0.34209,0.93181,0.93678,0.92673,0.97803,0.94655,0.58599,0.49442,1.23603,0.0013862,0.0013862,0.0013862
33,109.303,0.23841,0.33836,0.90806,0.92254,0.74476,0.84438,0.77848,0.90304,1.52953,1.44161,0.0013664,0.0013664,0.0013664
34,112.378,0.21634,0.31296,0.92588,0.83975,1,0.96212,0.94672,0.36195,0.48215,0.84356,0.0013466,0.0013466,0.0013466
35,115.467,0.22405,0.3331,0.90253,1,0.80755,0.83951,0.82401,0.44693,1.68123,0.85147,0.0013268,0.0013268,0.0013268
36,118.778,0.21436,0.32185,0.91472,1,0.93273,0.98833,0.95513,0.33232,0.47207,0.6973,0.001307,0.001307,0.001307
37,122.005,0.2099,0.30954,0.90451,1,0.93455,0.99147,0.94636,0.54183,0.56566,1.08661,0.0012872,0.0012872,0.0012872
38,125.154,0.20716,0.30225,0.88733,0.98325,0.9375,0.9379,0.86535,0.73466,0.65693,1.10759,0.0012674,0.0012674,0.0012674
39,128.307,0.20189,0.30754,0.8952,0.92937,0.9375,0.97696,0.97498,0.26812,0.45628,0.63074,0.0012476,0.0012476,0.0012476
40,131.747,0.2052,0.29866,0.89501,0.99331,1,0.995,0.96074,0.35347,0.38606,0.74082,0.0012278,0.0012278,0.0012278
41,134.959,0.19966,0.28286,0.88719,0.93536,1,0.99147,0.96328,0.49042,0.42759,1.14765,0.001208,0.001208,0.001208
42,138.263,0.19083,0.28736,0.90078,0.93324,0.87378,0.94014,0.88522,0.67619,1.03308,1.47143,0.0011882,0.0011882,0.0011882
43,141.607,0.1903,0.26286,0.89496,0.9186,0.9375,0.97365,0.96181,0.32535,0.48338,0.6967,0.0011684,0.0011684,0.0011684
44,144.842,0.17537,0.28443,0.88128,0.96624,0.875,0.97847,0.97319,0.23973,0.42324,0.59109,0.0011486,0.0011486,0.0011486
45,148.001,0.19564,0.27323,0.89072,1,0.93517,0.99147,0.97313,0.25599,0.5008,0.61378,0.0011288,0.0011288,0.0011288
46,151.202,0.18629,0.27441,0.89756,0.99579,1,0.995,0.98242,0.3128,0.32505,0.71758,0.001109,0.001109,0.001109
47,154.383,0.18778,0.26333,0.88675,0.99803,0.9375,0.99147,0.98536,0.19536,0.38169,0.55607,0.0010892,0.0010892,0.0010892
48,157.64,0.18633,0.25662,0.89152,0.99619,0.875,0.9334,0.91682,0.38517,0.74568,0.76773,0.0010694,0.0010694,0.0010694
49,160.805,0.17963,0.29188,0.89616,0.99722,0.875,0.94543,0.91224,0.56514,0.81295,1.17784,0.0010496,0.0010496,0.0010496
50,164.043,0.17725,0.27831,0.88362,0.99458,1,0.995,0.96978,0.39349,0.47504,1.03275,0.0010298,0.0010298,0.0010298
51,167.341,0.17869,0.25083,0.89274,0.99586,1,0.995,0.97312,0.32735,0.33543,0.83896,0.00101,0.00101,0.00101
52,170.623,0.18717,0.25733,0.90893,0.93109,1,0.995,0.995,0.17884,0.35212,0.56018,0.0009902,0.0009902,0.0009902
53,173.826,0.17464,0.24205,0.89052,0.9963,0.9375,0.99147,0.98551,0.21392,0.34506,0.5791,0.0009704,0.0009704,0.0009704
54,176.996,0.18087,0.25479,0.91088,0.99628,0.9375,0.99147,0.97903,0.2838,0.32989,0.72968,0.0009506,0.0009506,0.0009506
55,180.181,0.17248,0.25003,0.9004,0.99658,0.9375,0.983,0.97045,0.23916,0.36522,0.62624,0.0009308,0.0009308,0.0009308
56,183.333,0.16222,0.24269,0.88258,1,0.99367,0.995,0.97194,0.35558,0.36092,0.8557,0.000911,0.000911,0.000911
57,186.441,0.1617,0.23482,0.89327,0.99752,0.9375,0.98833,0.9569,0.433,0.57575,0.89922,0.0008912,0.0008912,0.0008912
58,189.579,0.16095,0.25064,0.88969,0.99741,0.9375,0.94079,0.91265,0.62635,0.71278,1.02424,0.0008714,0.0008714,0.0008714
59,192.679,0.15547,0.22161,0.89649,1,0.9334,0.9446,0.92347,0.31476,0.59732,0.71345,0.0008516,0.0008516,0.0008516
60,195.75,0.15296,0.23812,0.8884,0.99541,0.9375,0.99147,0.99147,0.25083,0.38998,0.61198,0.0008318,0.0008318,0.0008318
61,198.839,0.14985,0.2245,0.88568,0.94096,0.99629,0.99147,0.99147,0.24612,0.38564,0.58462,0.000812,0.000812,0.000812
62,202.433,0.16054,0.23652,0.88477,0.94089,0.99513,0.99147,0.99147,0.21517,0.35216,0.56005,0.0007922,0.0007922,0.0007922
63,205.813,0.15219,0.23198,0.89298,0.99638,0.9375,0.9391,0.9391,0.16795,0.28348,0.51264,0.0007724,0.0007724,0.0007724
64,209.188,0.14485,0.22814,0.88361,1,0.99854,0.995,0.995,0.1809,0.23446,0.52876,0.0007526,0.0007526,0.0007526
65,212.29,0.13587,0.21122,0.88301,0.99741,1,0.995,0.98839,0.22296,0.28959,0.61169,0.0007328,0.0007328,0.0007328
66,215.607,0.1395,0.20038,0.88248,1,0.9989,0.995,0.98407,0.2717,0.35542,0.66797,0.000713,0.000713,0.000713
67,218.799,0.13428,0.20621,0.88757,1,0.99637,0.995,0.995,0.22765,0.28777,0.5904,0.0006932,0.0006932,0.0006932
68,222.069,0.15289,0.2201,0.88851,1,0.99462,0.995,0.9897,0.24971,0.30404,0.59801,0.0006734,0.0006734,0.0006734
69,225.207,0.13255,0.20216,0.8733,0.99436,0.875,0.98167,0.94424,0.53086,0.48892,0.88655,0.0006536,0.0006536,0.0006536
70,228.374,0.13792,0.22264,0.88344,0.93006,0.875,0.95253,0.90179,0.46528,0.71978,0.80725,0.0006338,0.0006338,0.0006338
71,231.541,0.13304,0.22482,0.88145,0.93112,0.875,0.93033,0.89828,0.32902,0.75882,0.68226,0.000614,0.000614,0.000614
72,234.734,0.13084,0.21139,0.87655,0.99769,0.9375,0.98553,0.96759,0.34715,0.33778,0.76545,0.0005942,0.0005942,0.0005942
